PassengerId,Survived,Pclass,Sex,Age,SibSp,Parch,Fare,Embarked,TicketNumber,HasPrefix,TicketLength,TicketIsLine
1,0,3,0,22.0,1,0,7.25,0.0,21171,1,5,0
2,1,1,1,38.0,1,0,71.2833,1.0,17599,1,5,0
3,1,3,1,26.0,0,0,7.925,0.0,3101282,1,7,0
4,1,1,1,35.0,1,0,53.1,0.0,113803,0,6,0
5,0,3,0,35.0,0,0,8.05,0.0,373450,0,6,0
6,0,3,0,,0,0,8.4583,2.0,330877,0,6,0
7,0,1,0,54.0,0,0,51.8625,0.0,17463,0,5,0
8,0,3,0,2.0,3,1,21.075,0.0,349909,0,6,0
9,1,3,1,27.0,0,2,11.1333,0.0,347742,0,6,0
10,1,2,1,14.0,1,0,30.0708,1.0,237736,0,6,0
11,1,3,1,4.0,1,1,16.7,0.0,9549,1,4,0
12,1,1,1,58.0,0,0,26.55,0.0,113783,0,6,0
13,0,3,0,20.0,0,0,8.05,0.0,2151,1,4,0
14,0,3,0,39.0,1,5,31.275,0.0,347082,0,6,0
15,0,3,1,14.0,0,0,7.8542,0.0,350406,0,6,0
16,1,2,1,55.0,0,0,16.0,0.0,248706,0,6,0
17,0,3,0,2.0,4,1,29.125,2.0,382652,0,6,0
18,1,2,0,,0,0,13.0,0.0,244373,0,6,0
19,0,3,1,31.0,1,0,18.0,0.0,345763,0,6,0
20,1,3,1,,0,0,7.225,1.0,2649,0,4,0
21,0,2,0,35.0,0,0,26.0,0.0,239865,0,6,0
22,1,2,0,34.0,0,0,13.0,0.0,248698,0,6,0
23,1,3,1,15.0,0,0,8.0292,2.0,330923,0,6,0
24,1,1,0,28.0,0,0,35.5,0.0,113788,0,6,0
25,0,3,1,8.0,3,1,21.075,0.0,349909,0,6,0
26,1,3,1,38.0,1,5,31.3875,0.0,347077,0,6,0
27,0,3,0,,0,0,7.225,1.0,2631,0,4,0
28,0,1,0,19.0,3,2,263.0,0.0,19950,0,5,0
29,1,3,1,,0,0,7.8792,2.0,330959,0,6,0
30,0,3,0,,0,0,7.8958,0.0,349216,0,6,0
31,0,1,0,40.0,0,0,27.7208,1.0,17601,1,5,0
32,1,1,1,,1,0,146.5208,1.0,17569,1,5,0
33,1,3,1,,0,0,7.75,2.0,335677,0,6,0
34,0,2,0,66.0,0,0,10.5,0.0,24579,1,5,0
35,0,1,0,28.0,1,0,82.1708,1.0,17604,1,5,0
36,0,1,0,42.0,1,0,52.0,0.0,113789,0,6,0
37,1,3,0,,0,0,7.2292,1.0,2677,0,4,0
38,0,3,0,21.0,0,0,8.05,0.0,2152,1,4,0
39,0,3,1,18.0,2,0,18.0,0.0,345764,0,6,0
40,1,3,1,14.0,1,0,11.2417,1.0,2651,0,4,0
41,0,3,1,40.0,1,0,9.475,0.0,7546,0,4,0
42,0,2,1,27.0,1,0,21.0,0.0,11668,0,5,0
43,0,3,0,,0,0,7.8958,1.0,349253,0,6,0
44,1,2,1,3.0,1,2,41.5792,1.0,2123,1,4,0
45,1,3,1,19.0,0,0,7.8792,2.0,330958,0,6,0
46,0,3,0,,0,0,8.05,0.0,23567,1,5,0
47,0,3,0,,1,0,15.5,2.0,370371,0,6,0
48,1,3,1,,0,0,7.75,2.0,14311,0,5,0
49,0,3,0,,2,0,21.6792,1.0,2662,0,4,0
50,0,3,1,18.0,1,0,17.8,0.0,349237,0,6,0
51,0,3,0,7.0,4,1,39.6875,0.0,3101295,0,7,0
52,0,3,0,21.0,0,0,7.8,0.0,39886,1,5,0
53,1,1,1,49.0,1,0,76.7292,1.0,17572,1,5,0
54,1,2,1,29.0,1,0,26.0,0.0,2926,0,4,0
55,0,1,0,65.0,0,1,61.9792,1.0,113509,0,6,0
56,1,1,0,,0,0,35.5,0.0,19947,0,5,0
57,1,2,1,21.0,0,0,10.5,0.0,31026,1,5,0
58,0,3,0,28.5,0,0,7.2292,1.0,2697,0,4,0
59,1,2,1,5.0,1,2,27.75,0.0,34651,1,5,0
60,0,3,0,11.0,5,2,46.9,0.0,2144,1,4,0
61,0,3,0,22.0,0,0,7.2292,1.0,2669,0,4,0
62,1,1,1,38.0,0,0,80.0,,113572,0,6,0
63,0,1,0,45.0,1,0,83.475,0.0,36973,0,5,0
64,0,3,0,4.0,3,2,27.9,0.0,347088,0,6,0
65,0,1,0,,0,0,27.7208,1.0,17605,1,5,0
66,1,3,0,,1,1,15.2458,1.0,2661,0,4,0
67,1,2,1,29.0,0,0,10.5,0.0,29395,1,5,0
68,0,3,0,19.0,0,0,8.1583,0.0,3464,1,4,0
69,1,3,1,17.0,4,2,7.925,0.0,3101281,0,7,0
70,0,3,0,26.0,2,0,8.6625,0.0,315151,0,6,0
71,0,2,0,32.0,0,0,10.5,0.0,33111,1,5,0
72,0,3,1,16.0,5,2,46.9,0.0,2144,1,4,0
73,0,2,0,21.0,0,0,73.5,0.0,14879,1,5,0
74,0,3,0,26.0,1,0,14.4542,1.0,2680,0,4,0
75,1,3,0,32.0,0,0,56.4958,0.0,1601,0,4,0
76,0,3,0,25.0,0,0,7.65,0.0,348123,0,6,0
77,0,3,0,,0,0,7.8958,0.0,349208,0,6,0
78,0,3,0,,0,0,8.05,0.0,374746,0,6,0
79,1,2,0,0.83,0,2,29.0,0.0,248738,0,6,0
80,1,3,1,30.0,0,0,12.475,0.0,364516,0,6,0
81,0,3,0,22.0,0,0,9.0,0.0,345767,0,6,0
82,1,3,0,29.0,0,0,9.5,0.0,345779,0,6,0
83,1,3,1,,0,0,7.7875,2.0,330932,0,6,0
84,0,1,0,28.0,0,0,47.1,0.0,113059,0,6,0
85,1,2,1,17.0,0,0,10.5,0.0,14885,1,5,0
86,1,3,1,33.0,3,0,15.85,0.0,3101278,0,7,0
87,0,3,0,16.0,1,3,34.375,0.0,6608,1,4,0
88,0,3,0,,0,0,8.05,0.0,392086,1,6,0
89,1,1,1,23.0,3,2,263.0,0.0,19950,0,5,0
90,0,3,0,24.0,0,0,8.05,0.0,343275,0,6,0
91,0,3,0,29.0,0,0,8.05,0.0,343276,0,6,0
92,0,3,0,20.0,0,0,7.8542,0.0,347466,0,6,0
93,0,1,0,46.0,1,0,61.175,0.0,5734,1,4,0
94,0,3,0,26.0,1,2,20.575,0.0,2315,1,4,0
95,0,3,0,59.0,0,0,7.25,0.0,364500,0,6,0
96,0,3,0,,0,0,8.05,0.0,374910,0,6,0
97,0,1,0,71.0,0,0,34.6542,1.0,17754,1,5,0
98,1,1,0,23.0,0,1,63.3583,1.0,17759,1,5,0
99,1,2,1,34.0,0,1,23.0,0.0,231919,0,6,0
100,0,2,0,34.0,1,0,26.0,0.0,244367,0,6,0
101,0,3,1,28.0,0,0,7.8958,0.0,349245,0,6,0
102,0,3,0,,0,0,7.8958,0.0,349215,0,6,0
103,0,1,0,21.0,0,1,77.2875,0.0,35281,0,5,0
104,0,3,0,33.0,0,0,8.6542,0.0,7540,0,4,0
105,0,3,0,37.0,2,0,7.925,0.0,3101276,0,7,0
106,0,3,0,28.0,0,0,7.8958,0.0,349207,0,6,0
107,1,3,1,21.0,0,0,7.65,0.0,343120,0,6,0
108,1,3,0,,0,0,7.775,0.0,312991,0,6,0
109,0,3,0,38.0,0,0,7.8958,0.0,349249,0,6,0
110,1,3,1,,1,0,24.15,2.0,371110,0,6,0
111,0,1,0,47.0,0,0,52.0,0.0,110465,0,6,0
112,0,3,1,14.5,1,0,14.4542,1.0,2665,0,4,0
113,0,3,0,22.0,0,0,8.05,0.0,324669,0,6,0
114,0,3,1,20.0,1,0,9.825,0.0,4136,0,4,0
115,0,3,1,17.0,0,0,14.4583,1.0,2627,0,4,0
116,0,3,0,21.0,0,0,7.925,0.0,3101294,1,7,0
117,0,3,0,70.5,0,0,7.75,2.0,370369,0,6,0
118,0,2,0,29.0,1,0,21.0,0.0,11668,0,5,0
119,0,1,0,24.0,0,1,247.5208,1.0,17558,1,5,0
120,0,3,1,2.0,4,2,31.275,0.0,347082,0,6,0
121,0,2,0,21.0,2,0,73.5,0.0,14879,1,5,0
122,0,3,0,,0,0,8.05,0.0,54510,1,5,0
123,0,2,0,32.5,1,0,30.0708,1.0,237736,0,6,0
124,1,2,1,32.5,0,0,13.0,0.0,27267,0,5,0
125,0,1,0,54.0,0,1,77.2875,0.0,35281,0,5,0
126,1,3,0,12.0,1,0,11.2417,1.0,2651,0,4,0
127,0,3,0,,0,0,7.75,2.0,370372,0,6,0
128,1,3,0,24.0,0,0,7.1417,0.0,17369,1,5,0
129,1,3,1,,1,1,22.3583,1.0,2668,0,4,0
130,0,3,0,45.0,0,0,6.975,0.0,347061,0,6,0
131,0,3,0,33.0,0,0,7.8958,1.0,349241,0,6,0
132,0,3,0,20.0,0,0,7.05,0.0,3101307,1,7,0
133,0,3,1,47.0,1,0,14.5,0.0,3337,1,4,0
134,1,2,1,29.0,1,0,26.0,0.0,228414,0,6,0
135,0,2,0,25.0,0,0,13.0,0.0,29178,1,5,0
136,0,2,0,23.0,0,0,15.0458,1.0,2133,1,4,0
137,1,1,1,19.0,0,2,26.2833,0.0,11752,0,5,0
138,0,1,0,37.0,1,0,53.1,0.0,113803,0,6,0
139,0,3,0,16.0,0,0,9.2167,0.0,7534,0,4,0
140,0,1,0,24.0,0,0,79.2,1.0,17593,1,5,0
141,0,3,1,,0,2,15.2458,1.0,2678,0,4,0
142,1,3,1,22.0,0,0,7.75,0.0,347081,0,6,0
143,1,3,1,24.0,1,0,15.85,0.0,3101279,1,7,0
144,0,3,0,19.0,0,0,6.75,2.0,365222,0,6,0
145,0,2,0,18.0,0,0,11.5,0.0,231945,0,6,0
146,0,2,0,19.0,1,1,36.75,0.0,33112,1,5,0
147,1,3,0,27.0,0,0,7.7958,0.0,350043,0,6,0
148,0,3,1,9.0,2,2,34.375,0.0,6608,1,4,0
149,0,2,0,36.5,0,2,26.0,0.0,230080,0,6,0
150,0,2,0,42.0,0,0,13.0,0.0,244310,0,6,0
151,0,2,0,51.0,0,0,12.525,0.0,1166,1,4,0
152,1,1,1,22.0,1,0,66.6,0.0,113776,0,6,0
153,0,3,0,55.5,0,0,8.05,0.0,11206,1,5,0
154,0,3,0,40.5,0,2,14.5,0.0,851,1,3,0
155,0,3,0,,0,0,7.3125,0.0,265302,1,6,0
156,0,1,0,51.0,0,1,61.3792,1.0,17597,1,5,0
157,1,3,1,16.0,0,0,7.7333,2.0,35851,0,5,0
158,0,3,0,30.0,0,0,8.05,0.0,392090,1,6,0
159,0,3,0,,0,0,8.6625,0.0,315037,0,6,0
160,0,3,0,,8,2,69.55,0.0,2343,1,4,0
161,0,3,0,44.0,0,1,16.1,0.0,371362,0,6,0
162,1,2,1,40.0,0,0,15.75,0.0,33595,1,5,0
163,0,3,0,26.0,0,0,7.775,0.0,347068,0,6,0
164,0,3,0,17.0,0,0,8.6625,0.0,315093,0,6,0
165,0,3,0,1.0,4,1,39.6875,0.0,3101295,0,7,0
166,1,3,0,9.0,0,2,20.525,0.0,363291,0,6,0
167,1,1,1,,0,1,55.0,0.0,113505,0,6,0
168,0,3,1,45.0,1,4,27.9,0.0,347088,0,6,0
169,0,1,0,,0,0,25.925,0.0,17318,1,5,0
170,0,3,0,28.0,0,0,56.4958,0.0,1601,0,4,0
171,0,1,0,61.0,0,0,33.5,0.0,111240,0,6,0
172,0,3,0,4.0,4,1,29.125,2.0,382652,0,6,0
173,1,3,1,1.0,1,1,11.1333,0.0,347742,0,6,0
174,0,3,0,21.0,0,0,7.925,0.0,3101280,1,7,0
175,0,1,0,56.0,0,0,30.6958,1.0,17764,0,5,0
176,0,3,0,18.0,1,1,7.8542,0.0,350404,0,6,0
177,0,3,0,,3,1,25.4667,0.0,4133,0,4,0
178,0,1,1,50.0,0,0,28.7125,1.0,17595,1,5,0
179,0,2,0,30.0,0,0,13.0,0.0,250653,0,6,0
180,0,3,0,36.0,0,0,0.0,0.0,0,0,4,1
181,0,3,1,,8,2,69.55,0.0,2343,1,4,0
182,0,2,0,,0,0,15.05,1.0,2131,1,4,0
183,0,3,0,9.0,4,2,31.3875,0.0,347077,0,6,0
184,1,2,0,1.0,2,1,39.0,0.0,230136,0,6,0
185,1,3,1,4.0,0,2,22.025,0.0,315153,0,6,0
186,0,1,0,,0,0,50.0,0.0,113767,0,6,0
187,1,3,1,,1,0,15.5,2.0,370365,0,6,0
188,1,1,0,45.0,0,0,26.55,0.0,111428,0,6,0
189,0,3,0,40.0,1,1,15.5,2.0,364849,0,6,0
190,0,3,0,36.0,0,0,7.8958,0.0,349247,0,6,0
191,1,2,1,32.0,0,0,13.0,0.0,234604,0,6,0
192,0,2,0,19.0,0,0,13.0,0.0,28424,0,5,0
193,1,3,1,19.0,1,0,7.8542,0.0,350046,0,6,0
194,1,2,0,3.0,1,1,26.0,0.0,230080,0,6,0
195,1,1,1,44.0,0,0,27.7208,1.0,17610,1,5,0
196,1,1,1,58.0,0,0,146.5208,1.0,17569,1,5,0
197,0,3,0,,0,0,7.75,2.0,368703,0,6,0
198,0,3,0,42.0,0,1,8.4042,0.0,4579,0,4,0
199,1,3,1,,0,0,7.75,2.0,370370,0,6,0
200,0,2,1,24.0,0,0,13.0,0.0,248747,0,6,0
201,0,3,0,28.0,0,0,9.5,0.0,345770,0,6,0
202,0,3,0,,8,2,69.55,0.0,2343,1,4,0
203,0,3,0,34.0,0,0,6.4958,0.0,3101264,0,7,0
204,0,3,0,45.5,0,0,7.225,1.0,2628,0,4,0
205,1,3,0,18.0,0,0,8.05,0.0,3540,1,4,0
206,0,3,1,2.0,0,1,10.4625,0.0,347054,0,6,0
207,0,3,0,32.0,1,0,15.85,0.0,3101278,0,7,0
208,1,3,0,26.0,0,0,18.7875,1.0,2699,0,4,0
209,1,3,1,16.0,0,0,7.75,2.0,367231,0,6,0
210,1,1,0,40.0,0,0,31.0,1.0,112277,0,6,0
211,0,3,0,24.0,0,0,7.05,0.0,3101311,1,7,0
212,1,2,1,35.0,0,0,21.0,0.0,13528,1,5,0
213,0,3,0,22.0,0,0,7.25,0.0,21174,1,5,0
214,0,2,0,30.0,0,0,13.0,0.0,250646,0,6,0
215,0,3,0,,1,0,7.75,2.0,367229,0,6,0
216,1,1,1,31.0,1,0,113.275,1.0,35273,0,5,0
217,1,3,1,27.0,0,0,7.925,0.0,3101283,1,7,0
218,0,2,0,42.0,1,0,27.0,0.0,243847,0,6,0
219,1,1,1,32.0,0,0,76.2917,1.0,11813,0,5,0
220,0,2,0,30.0,0,0,10.5,0.0,14208,1,5,0
221,1,3,0,16.0,0,0,8.05,0.0,392089,1,6,0
222,0,2,0,27.0,0,0,13.0,0.0,220367,0,6,0
223,0,3,0,51.0,0,0,8.05,0.0,21440,0,5,0
224,0,3,0,,0,0,7.8958,0.0,349234,0,6,0
225,1,1,0,38.0,1,0,90.0,0.0,19943,0,5,0
226,0,3,0,22.0,0,0,9.35,0.0,4348,1,4,0
227,1,2,0,19.0,0,0,10.5,0.0,751,1,3,0
228,0,3,0,20.5,0,0,7.25,0.0,21173,1,5,0
229,0,2,0,18.0,0,0,13.0,0.0,236171,0,6,0
230,0,3,1,,3,1,25.4667,0.0,4133,0,4,0
231,1,1,1,35.0,1,0,83.475,0.0,36973,0,5,0
232,0,3,0,29.0,0,0,7.775,0.0,347067,0,6,0
233,0,2,0,59.0,0,0,13.5,0.0,237442,0,6,0
234,1,3,1,5.0,4,2,31.3875,0.0,347077,0,6,0
235,0,2,0,24.0,0,0,10.5,0.0,29566,1,5,0
236,0,3,1,,0,0,7.55,0.0,6609,1,4,0
237,0,2,0,44.0,1,0,26.0,0.0,26707,0,5,0
238,1,2,1,8.0,0,2,26.25,0.0,31921,1,5,0
239,0,2,0,19.0,0,0,10.5,0.0,28665,0,5,0
240,0,2,0,33.0,0,0,12.275,0.0,1585,1,4,0
241,0,3,1,,1,0,14.4542,1.0,2665,0,4,0
242,1,3,1,,1,0,15.5,2.0,367230,0,6,0
243,0,2,0,29.0,0,0,10.5,0.0,14263,1,5,0
244,0,3,0,22.0,0,0,7.125,0.0,3101275,1,7,0
245,0,3,0,30.0,0,0,7.225,1.0,2694,0,4,0
246,0,1,0,44.0,2,0,90.0,2.0,19928,0,5,0
247,0,3,1,25.0,0,0,7.775,0.0,347071,0,6,0
248,1,2,1,24.0,0,2,14.5,0.0,250649,0,6,0
249,1,1,0,37.0,1,1,52.5542,0.0,11751,0,5,0
250,0,2,0,54.0,1,0,26.0,0.0,244252,0,6,0
251,0,3,0,,0,0,7.25,0.0,362316,0,6,0
252,0,3,1,29.0,1,1,10.4625,0.0,347054,0,6,0
253,0,1,0,62.0,0,0,26.55,0.0,113514,0,6,0
254,0,3,0,30.0,1,0,16.1,0.0,3336,1,4,0
255,0,3,1,41.0,0,2,20.2125,0.0,370129,0,6,0
256,1,3,1,29.0,0,2,15.2458,1.0,2650,0,4,0
257,1,1,1,,0,0,79.2,1.0,17585,1,5,0
258,1,1,1,30.0,0,0,86.5,0.0,110152,0,6,0
259,1,1,1,35.0,0,0,512.3292,1.0,17755,1,5,0
260,1,2,1,50.0,0,1,26.0,0.0,230433,0,6,0
261,0,3,0,,0,0,7.75,2.0,384461,0,6,0
262,1,3,0,3.0,4,2,31.3875,0.0,347077,0,6,0
263,0,1,0,52.0,1,1,79.65,0.0,110413,0,6,0
264,0,1,0,40.0,0,0,0.0,0.0,112059,0,6,0
265,0,3,1,,0,0,7.75,2.0,382649,0,6,0
266,0,2,0,36.0,0,0,10.5,0.0,17248,1,5,0
267,0,3,0,16.0,4,1,39.6875,0.0,3101295,0,7,0
268,1,3,0,25.0,1,0,7.775,0.0,347083,0,6,0
269,1,1,1,58.0,0,1,153.4625,0.0,17582,1,5,0
270,1,1,1,35.0,0,0,135.6333,0.0,17760,1,5,0
271,0,1,0,,0,0,31.0,0.0,113798,0,6,0
272,1,3,0,25.0,0,0,0.0,0.0,0,0,4,1
273,1,2,1,41.0,0,1,19.5,0.0,250644,0,6,0
274,0,1,0,37.0,0,1,29.7,1.0,17596,1,5,0
275,1,3,1,,0,0,7.75,2.0,370375,0,6,0
276,1,1,1,63.0,1,0,77.9583,0.0,13502,0,5,0
277,0,3,1,45.0,0,0,7.75,0.0,347073,0,6,0
278,0,2,0,,0,0,0.0,0.0,239853,0,6,0
279,0,3,0,7.0,4,1,29.125,2.0,382652,0,6,0
280,1,3,1,35.0,1,1,20.25,0.0,2673,1,4,0
281,0,3,0,65.0,0,0,7.75,2.0,336439,0,6,0
282,0,3,0,28.0,0,0,7.8542,0.0,347464,0,6,0
283,0,3,0,16.0,0,0,9.5,0.0,345778,0,6,0
284,1,3,0,19.0,0,0,8.05,0.0,10482,1,5,0
285,0,1,0,,0,0,26.0,0.0,113056,0,6,0
286,0,3,0,33.0,0,0,8.6625,1.0,349239,0,6,0
287,1,3,0,30.0,0,0,9.5,0.0,345774,0,6,0
288,0,3,0,22.0,0,0,7.8958,0.0,349206,0,6,0
289,1,2,0,42.0,0,0,13.0,0.0,237798,0,6,0
290,1,3,1,22.0,0,0,7.75,2.0,370373,0,6,0
291,1,1,1,26.0,0,0,78.85,0.0,19877,0,5,0
292,1,1,1,19.0,1,0,91.0792,1.0,11967,0,5,0
293,0,2,0,36.0,0,0,12.875,1.0,2163,1,4,0
294,0,3,1,24.0,0,0,8.85,0.0,349236,0,6,0
295,0,3,0,24.0,0,0,7.8958,0.0,349233,0,6,0
296,0,1,0,,0,0,27.7208,1.0,17612,1,5,0
297,0,3,0,23.5,0,0,7.2292,1.0,2693,0,4,0
298,0,1,1,2.0,1,2,151.55,0.0,113781,0,6,0
299,1,1,0,,0,0,30.5,0.0,19988,0,5,0
300,1,1,1,50.0,0,1,247.5208,1.0,17558,1,5,0
301,1,3,1,,0,0,7.75,2.0,9234,0,4,0
302,1,3,0,,2,0,23.25,2.0,367226,0,6,0
303,0,3,0,19.0,0,0,0.0,0.0,0,0,4,1
304,1,2,1,,0,0,12.35,2.0,226593,0,6,0
305,0,3,0,,0,0,8.05,0.0,2466,1,4,0
306,1,1,0,0.92,1,2,151.55,0.0,113781,0,6,0
307,1,1,1,,0,0,110.8833,1.0,17421,0,5,0
308,1,1,1,17.0,1,0,108.9,1.0,17758,1,5,0
309,0,2,0,30.0,1,0,24.0,1.0,3381,1,4,0
310,1,1,1,30.0,0,0,56.9292,1.0,17485,1,5,0
311,1,1,1,24.0,0,0,83.1583,1.0,11767,0,5,0
312,1,1,1,18.0,2,2,262.375,1.0,17608,1,5,0
313,0,2,1,26.0,1,1,26.0,0.0,250651,0,6,0
314,0,3,0,28.0,0,0,7.8958,0.0,349243,0,6,0
315,0,2,0,43.0,1,1,26.25,0.0,13529,1,5,0
316,1,3,1,26.0,0,0,7.8542,0.0,347470,0,6,0
317,1,2,1,24.0,1,0,26.0,0.0,244367,0,6,0
318,0,2,0,54.0,0,0,14.0,0.0,29011,0,5,0
319,1,1,1,31.0,0,2,164.8667,0.0,36928,0,5,0
320,1,1,1,40.0,1,1,134.5,1.0,16966,0,5,0
321,0,3,0,22.0,0,0,7.25,0.0,21172,1,5,0
322,0,3,0,27.0,0,0,7.8958,0.0,349219,0,6,0
323,1,2,1,30.0,0,0,12.35,2.0,234818,0,6,0
324,1,2,1,22.0,1,1,29.0,0.0,248738,0,6,0
325,0,3,0,,8,2,69.55,0.0,2343,1,4,0
326,1,1,1,36.0,0,0,135.6333,1.0,17760,1,5,0
327,0,3,0,61.0,0,0,6.2375,0.0,345364,0,6,0
328,1,2,1,36.0,0,0,13.0,0.0,28551,0,5,0
329,1,3,1,31.0,1,1,20.525,0.0,363291,0,6,0
330,1,1,1,16.0,0,1,57.9792,1.0,111361,0,6,0
331,1,3,1,,2,0,23.25,2.0,367226,0,6,0
332,0,1,0,45.5,0,0,28.5,0.0,113043,0,6,0
333,0,1,0,38.0,0,1,153.4625,0.0,17582,1,5,0
334,0,3,0,16.0,2,0,18.0,0.0,345764,0,6,0
335,1,1,1,,1,0,133.65,0.0,17611,1,5,0
336,0,3,0,,0,0,7.8958,0.0,349225,0,6,0
337,0,1,0,29.0,1,0,66.6,0.0,113776,0,6,0
338,1,1,1,41.0,0,0,134.5,1.0,16966,0,5,0
339,1,3,0,45.0,0,0,8.05,0.0,7598,0,4,0
340,0,1,0,45.0,0,0,35.5,0.0,113784,0,6,0
341,1,2,0,2.0,1,1,26.0,0.0,230080,0,6,0
342,1,1,1,24.0,3,2,263.0,0.0,19950,0,5,0
343,0,2,0,28.0,0,0,13.0,0.0,248740,0,6,0
344,0,2,0,25.0,0,0,13.0,0.0,244361,0,6,0
345,0,2,0,36.0,0,0,13.0,0.0,229236,0,6,0
346,1,2,1,24.0,0,0,13.0,0.0,248733,0,6,0
347,1,2,1,40.0,0,0,13.0,0.0,31418,0,5,0
348,1,3,1,,1,0,16.1,0.0,386525,0,6,0
349,1,3,0,3.0,1,1,15.9,0.0,37671,1,5,0
350,0,3,0,42.0,0,0,8.6625,0.0,315088,0,6,0
351,0,3,0,23.0,0,0,9.225,0.0,7267,0,4,0
352,0,1,0,,0,0,35.0,0.0,113510,0,6,0
353,0,3,0,15.0,1,1,7.2292,1.0,2695,0,4,0
354,0,3,0,25.0,1,0,17.8,0.0,349237,0,6,0
355,0,3,0,,0,0,7.225,1.0,2647,0,4,0
356,0,3,0,28.0,0,0,9.5,0.0,345783,0,6,0
357,1,1,1,22.0,0,1,55.0,0.0,113505,0,6,0
358,0,2,1,38.0,0,0,13.0,0.0,237671,0,6,0
359,1,3,1,,0,0,7.8792,2.0,330931,0,6,0
360,1,3,1,,0,0,7.8792,2.0,330980,0,6,0
361,0,3,0,40.0,1,4,27.9,0.0,347088,0,6,0
362,0,2,0,29.0,1,0,27.7208,1.0,2167,1,4,0
363,0,3,1,45.0,0,1,14.4542,1.0,2691,0,4,0
364,0,3,0,35.0,0,0,7.05,0.0,3101310,1,7,0
365,0,3,0,,1,0,15.5,2.0,370365,0,6,0
366,0,3,0,30.0,0,0,7.25,0.0,7076,1,4,0
367,1,1,1,60.0,1,0,75.25,1.0,110813,0,6,0
368,1,3,1,,0,0,7.2292,1.0,2626,0,4,0
369,1,3,1,,0,0,7.75,2.0,14313,0,5,0
370,1,1,1,24.0,0,0,69.3,1.0,17477,1,5,0
371,1,1,0,25.0,1,0,55.4417,1.0,11765,0,5,0
372,0,3,0,18.0,1,0,6.4958,0.0,3101267,0,7,0
373,0,3,0,19.0,0,0,8.05,0.0,323951,0,6,0
374,0,1,0,22.0,0,0,135.6333,1.0,17760,1,5,0
375,0,3,1,3.0,3,1,21.075,0.0,349909,0,6,0
376,1,1,1,,1,0,82.1708,1.0,17604,1,5,0
377,1,3,1,22.0,0,0,7.25,0.0,7077,1,4,0
378,0,1,0,27.0,0,2,211.5,1.0,113503,0,6,0
379,0,3,0,20.0,0,0,4.0125,1.0,2648,0,4,0
380,0,3,0,19.0,0,0,7.775,0.0,347069,0,6,0
381,1,1,1,42.0,0,0,227.525,1.0,17757,1,5,0
382,1,3,1,1.0,0,2,15.7417,1.0,2653,0,4,0
383,0,3,0,32.0,0,0,7.925,0.0,3101293,1,7,0
384,1,1,1,35.0,1,0,52.0,0.0,113789,0,6,0
385,0,3,0,,0,0,7.8958,0.0,349227,0,6,0
386,0,2,0,18.0,0,0,73.5,0.0,14879,1,5,0
387,0,3,0,1.0,5,2,46.9,0.0,2144,1,4,0
388,1,2,1,36.0,0,0,13.0,0.0,27849,0,5,0
389,0,3,0,,0,0,7.7292,2.0,367655,0,6,0
390,1,2,1,17.0,0,0,12.0,1.0,1748,1,4,0
391,1,1,0,36.0,1,2,120.0,0.0,113760,0,6,0
392,1,3,0,21.0,0,0,7.7958,0.0,350034,0,6,0
393,0,3,0,28.0,2,0,7.925,0.0,3101277,0,7,0
394,1,1,1,23.0,1,0,113.275,1.0,35273,0,5,0
395,1,3,1,24.0,0,2,16.7,0.0,9549,1,4,0
396,0,3,0,22.0,0,0,7.7958,0.0,350052,0,6,0
397,0,3,1,31.0,0,0,7.8542,0.0,350407,0,6,0
398,0,2,0,46.0,0,0,26.0,0.0,28403,0,5,0
399,0,2,0,23.0,0,0,10.5,0.0,244278,0,6,0
400,1,2,1,28.0,0,0,12.65,0.0,240929,0,6,0
401,1,3,0,39.0,0,0,7.925,0.0,3101289,1,7,0
402,0,3,0,26.0,0,0,8.05,0.0,341826,0,6,0
403,0,3,1,21.0,1,0,9.825,0.0,4137,0,4,0
404,0,3,0,28.0,1,0,15.85,0.0,3101279,1,7,0
405,0,3,1,20.0,0,0,8.6625,0.0,315096,0,6,0
406,0,2,0,34.0,1,0,21.0,0.0,28664,0,5,0
407,0,3,0,51.0,0,0,7.75,0.0,347064,0,6,0
408,1,2,0,3.0,1,1,18.75,0.0,29106,0,5,0
409,0,3,0,21.0,0,0,7.775,0.0,312992,0,6,0
410,0,3,1,,3,1,25.4667,0.0,4133,0,4,0
411,0,3,0,,0,0,7.8958,0.0,349222,0,6,0
412,0,3,0,,0,0,6.8583,2.0,394140,0,6,0
413,1,1,1,33.0,1,0,90.0,2.0,19928,0,5,0
414,0,2,0,,0,0,0.0,0.0,239853,0,6,0
415,1,3,0,44.0,0,0,7.925,0.0,3101269,1,7,0
416,0,3,1,,0,0,8.05,0.0,343095,0,6,0
417,1,2,1,34.0,1,1,32.5,0.0,28220,0,5,0
418,1,2,1,18.0,0,2,13.0,0.0,250652,0,6,0
419,0,2,0,30.0,0,0,13.0,0.0,28228,0,5,0
420,0,3,1,10.0,0,2,24.15,0.0,345773,0,6,0
421,0,3,0,,0,0,7.8958,1.0,349254,0,6,0
422,0,3,0,21.0,0,0,7.7333,2.0,13032,1,5,0
423,0,3,0,29.0,0,0,7.875,0.0,315082,0,6,0
424,0,3,1,28.0,1,1,14.4,0.0,347080,0,6,0
425,0,3,0,18.0,1,1,20.2125,0.0,370129,0,6,0
426,0,3,0,,0,0,7.25,0.0,34244,1,5,0
427,1,2,1,28.0,1,0,26.0,0.0,2003,0,4,0
428,1,2,1,19.0,0,0,26.0,0.0,250655,0,6,0
429,0,3,0,,0,0,7.75,2.0,364851,0,6,0
430,1,3,0,32.0,0,0,8.05,0.0,392078,1,6,0
431,1,1,0,28.0,0,0,26.55,0.0,110564,0,6,0
432,1,3,1,,1,0,16.1,0.0,376564,0,6,0
433,1,2,1,42.0,1,0,26.0,0.0,3085,1,4,0
434,0,3,0,17.0,0,0,7.125,0.0,3101274,1,7,0
435,0,1,0,50.0,1,0,55.9,0.0,13507,0,5,0
436,1,1,1,14.0,1,2,120.0,0.0,113760,0,6,0
437,0,3,1,21.0,2,2,34.375,0.0,6608,1,4,0
438,1,2,1,24.0,2,3,18.75,0.0,29106,0,5,0
439,0,1,0,64.0,1,4,263.0,0.0,19950,0,5,0
440,0,2,0,31.0,0,0,10.5,0.0,18723,1,5,0
441,1,2,1,45.0,1,1,26.25,0.0,13529,1,5,0
442,0,3,0,20.0,0,0,9.5,0.0,345769,0,6,0
443,0,3,0,25.0,1,0,7.775,0.0,347076,0,6,0
444,1,2,1,28.0,0,0,13.0,0.0,230434,0,6,0
445,1,3,0,,0,0,8.1125,0.0,65306,0,5,0
446,1,1,0,4.0,0,2,81.8583,0.0,33638,0,5,0
447,1,2,1,13.0,0,1,19.5,0.0,250644,0,6,0
448,1,1,0,34.0,0,0,26.55,0.0,113794,0,6,0
449,1,3,1,5.0,2,1,19.2583,1.0,2666,0,4,0
450,1,1,0,52.0,0,0,30.5,0.0,113786,0,6,0
451,0,2,0,36.0,1,2,27.75,0.0,34651,1,5,0
452,0,3,0,,1,0,19.9667,0.0,65303,0,5,0
453,0,1,0,30.0,0,0,27.75,1.0,113051,0,6,0
454,1,1,0,49.0,1,0,89.1042,1.0,17453,0,5,0
455,0,3,0,,0,0,8.05,0.0,2817,1,4,0
456,1,3,0,29.0,0,0,7.8958,1.0,349240,0,6,0
457,0,1,0,65.0,0,0,26.55,0.0,13509,0,5,0
458,1,1,1,,1,0,51.8625,0.0,17464,0,5,0
459,1,2,1,50.0,0,0,10.5,0.0,13531,1,5,0
460,0,3,0,,0,0,7.75,2.0,371060,0,6,0
461,1,1,0,48.0,0,0,26.55,0.0,19952,0,5,0
462,0,3,0,34.0,0,0,8.05,0.0,364506,0,6,0
463,0,1,0,47.0,0,0,38.5,0.0,111320,0,6,0
464,0,2,0,48.0,0,0,13.0,0.0,234360,0,6,0
465,0,3,0,,0,0,8.05,0.0,2816,1,4,0
466,0,3,0,38.0,0,0,7.05,0.0,3101306,1,7,0
467,0,2,0,,0,0,0.0,0.0,239853,0,6,0
468,0,1,0,56.0,0,0,26.55,0.0,113792,0,6,0
469,0,3,0,,0,0,7.725,2.0,36209,0,5,0
470,1,3,1,0.75,2,1,19.2583,1.0,2666,0,4,0
471,0,3,0,,0,0,7.25,0.0,323592,0,6,0
472,0,3,0,38.0,0,0,8.6625,0.0,315089,0,6,0
473,1,2,1,33.0,1,2,27.75,0.0,34651,1,5,0
474,1,2,1,23.0,0,0,13.7917,1.0,541,1,3,0
475,0,3,1,22.0,0,0,9.8375,0.0,7553,0,4,0
476,0,1,0,,0,0,52.0,0.0,110465,0,6,0
477,0,2,0,34.0,1,0,21.0,0.0,31027,0,5,0
478,0,3,0,29.0,1,0,7.0458,0.0,3460,0,4,0
479,0,3,0,22.0,0,0,7.5208,0.0,350060,0,6,0
480,1,3,1,2.0,0,1,12.2875,0.0,3101298,0,7,0
481,0,3,0,9.0,5,2,46.9,0.0,2144,1,4,0
482,0,2,0,,0,0,0.0,0.0,239854,0,6,0
483,0,3,0,50.0,0,0,8.05,0.0,3594,1,4,0
484,1,3,1,63.0,0,0,9.5875,0.0,4134,0,4,0
485,1,1,0,25.0,1,0,91.0792,1.0,11967,0,5,0
486,0,3,1,,3,1,25.4667,0.0,4133,0,4,0
487,1,1,1,35.0,1,0,90.0,0.0,19943,0,5,0
488,0,1,0,58.0,0,0,29.7,1.0,11771,0,5,0
489,0,3,0,30.0,0,0,8.05,0.0,18509,1,5,0
490,1,3,0,9.0,1,1,15.9,0.0,37671,1,5,0
491,0,3,0,,1,0,19.9667,0.0,65304,0,5,0
492,0,3,0,21.0,0,0,7.25,0.0,3101317,1,7,0
493,0,1,0,55.0,0,0,30.5,0.0,113787,0,6,0
494,0,1,0,71.0,0,0,49.5042,1.0,17609,1,5,0
495,0,3,0,21.0,0,0,8.05,0.0,45380,1,5,0
496,0,3,0,,0,0,14.4583,1.0,2627,0,4,0
497,1,1,1,54.0,1,0,78.2667,1.0,36947,0,5,0
498,0,3,0,,0,0,15.1,0.0,6212,1,4,0
499,0,1,1,25.0,1,2,151.55,0.0,113781,0,6,0
500,0,3,0,24.0,0,0,7.7958,0.0,350035,0,6,0
501,0,3,0,17.0,0,0,8.6625,0.0,315086,0,6,0
502,0,3,1,21.0,0,0,7.75,2.0,364846,0,6,0
503,0,3,1,,0,0,7.6292,2.0,330909,0,6,0
504,0,3,1,37.0,0,0,9.5875,0.0,4135,0,4,0
505,1,1,1,16.0,0,0,86.5,0.0,110152,0,6,0
506,0,1,0,18.0,1,0,108.9,1.0,17758,1,5,0
507,1,2,1,33.0,0,2,26.0,0.0,26360,0,5,0
508,1,1,0,,0,0,26.55,0.0,111427,0,6,0
509,0,3,0,28.0,0,0,22.525,0.0,4001,1,4,0
510,1,3,0,26.0,0,0,56.4958,0.0,1601,0,4,0
511,1,3,0,29.0,0,0,7.75,2.0,382651,0,6,0
512,0,3,0,,0,0,8.05,0.0,3101316,1,7,0
513,1,1,0,36.0,0,0,26.2875,0.0,17473,1,5,0
514,1,1,1,54.0,1,0,59.4,1.0,17603,1,5,0
515,0,3,0,24.0,0,0,7.4958,0.0,349209,0,6,0
516,0,1,0,47.0,0,0,34.0208,0.0,36967,0,5,0
517,1,2,1,34.0,0,0,10.5,0.0,34260,1,5,0
518,0,3,0,,0,0,24.15,2.0,371110,0,6,0
519,1,2,1,36.0,1,0,26.0,0.0,226875,0,6,0
520,0,3,0,32.0,0,0,7.8958,0.0,349242,0,6,0
521,1,1,1,30.0,0,0,93.5,0.0,12749,0,5,0
522,0,3,0,22.0,0,0,7.8958,0.0,349252,0,6,0
523,0,3,0,,0,0,7.225,1.0,2624,0,4,0
524,1,1,1,44.0,0,1,57.9792,1.0,111361,0,6,0
525,0,3,0,,0,0,7.2292,1.0,2700,0,4,0
526,0,3,0,40.5,0,0,7.75,2.0,367232,0,6,0
527,1,2,1,50.0,0,0,10.5,0.0,14258,1,5,0
528,0,1,0,,0,0,221.7792,0.0,17483,1,5,0
529,0,3,0,39.0,0,0,7.925,0.0,3101296,0,7,0
530,0,2,0,23.0,2,1,11.5,0.0,29104,0,5,0
531,1,2,1,2.0,1,1,26.0,0.0,26360,0,5,0
532,0,3,0,,0,0,7.2292,1.0,2641,0,4,0
533,0,3,0,17.0,1,1,7.2292,1.0,2690,0,4,0
534,1,3,1,,0,2,22.3583,1.0,2668,0,4,0
535,0,3,1,30.0,0,0,8.6625,0.0,315084,0,6,0
536,1,2,1,7.0,0,2,26.25,0.0,13529,1,5,0
537,0,1,0,45.0,0,0,26.55,0.0,113050,0,6,0
538,1,1,1,30.0,0,0,106.425,1.0,17761,1,5,0
539,0,3,0,,0,0,14.5,0.0,364498,0,6,0
540,1,1,1,22.0,0,2,49.5,1.0,13568,0,5,0
541,1,1,1,36.0,0,2,71.0,0.0,5735,1,4,0
542,0,3,1,9.0,4,2,31.275,0.0,347082,0,6,0
543,0,3,1,11.0,4,2,31.275,0.0,347082,0,6,0
544,1,2,0,32.0,1,0,26.0,0.0,2908,0,4,0
545,0,1,0,50.0,1,0,106.425,1.0,17761,1,5,0
546,0,1,0,64.0,0,0,26.0,0.0,693,0,3,0
547,1,2,1,19.0,1,0,26.0,0.0,2908,0,4,0
548,1,2,0,,0,0,13.8625,1.0,2146,1,4,0
549,0,3,0,33.0,1,1,20.525,0.0,363291,0,6,0
550,1,2,0,8.0,1,1,36.75,0.0,33112,1,5,0
551,1,1,0,17.0,0,2,110.8833,1.0,17421,0,5,0
552,0,2,0,27.0,0,0,26.0,0.0,244358,0,6,0
553,0,3,0,,0,0,7.8292,2.0,330979,0,6,0
554,1,3,0,22.0,0,0,7.225,1.0,2620,0,4,0
555,1,3,1,22.0,0,0,7.775,0.0,347085,0,6,0
556,0,1,0,62.0,0,0,26.55,0.0,113807,0,6,0
557,1,1,1,48.0,1,0,39.6,1.0,11755,0,5,0
558,0,1,0,,0,0,227.525,1.0,17757,1,5,0
559,1,1,1,39.0,1,1,79.65,0.0,110413,0,6,0
560,1,3,1,36.0,1,0,17.4,0.0,345572,0,6,0
561,0,3,0,,0,0,7.75,2.0,372622,0,6,0
562,0,3,0,40.0,0,0,7.8958,0.0,349251,0,6,0
563,0,2,0,28.0,0,0,13.5,0.0,218629,0,6,0
564,0,3,0,,0,0,8.05,0.0,392082,1,6,0
565,0,3,1,,0,0,8.05,0.0,392087,1,6,0
566,0,3,0,24.0,2,0,24.15,0.0,48871,1,5,0
567,0,3,0,19.0,0,0,7.8958,0.0,349205,0,6,0
568,0,3,1,29.0,0,4,21.075,0.0,349909,0,6,0
569,0,3,0,,0,0,7.2292,1.0,2686,0,4,0
570,1,3,0,32.0,0,0,7.8542,0.0,350417,0,6,0
571,1,2,0,62.0,0,0,10.5,0.0,752,1,3,0
572,1,1,1,53.0,2,0,51.4792,0.0,11769,0,5,0
573,1,1,0,36.0,0,0,26.3875,0.0,17474,1,5,0
574,1,3,1,,0,0,7.75,2.0,14312,0,5,0
575,0,3,0,16.0,0,0,8.05,0.0,20589,1,5,0
576,0,3,0,19.0,0,0,14.5,0.0,358585,0,6,0
577,1,2,1,34.0,0,0,13.0,0.0,243880,0,6,0
578,1,1,1,39.0,1,0,55.9,0.0,13507,0,5,0
579,0,3,1,,1,0,14.4583,1.0,2689,0,4,0
580,1,3,0,32.0,0,0,7.925,0.0,3101286,1,7,0
581,1,2,1,25.0,1,1,30.0,0.0,237789,0,6,0
582,1,1,1,39.0,1,1,110.8833,1.0,17421,0,5,0
583,0,2,0,54.0,0,0,26.0,0.0,28403,0,5,0
584,0,1,0,36.0,0,0,40.125,1.0,13049,0,5,0
585,0,3,0,,0,0,8.7125,1.0,3411,0,4,0
586,1,1,1,18.0,0,2,79.65,0.0,110413,0,6,0
587,0,2,0,47.0,0,0,15.0,0.0,237565,0,6,0
588,1,1,0,60.0,1,1,79.2,1.0,13567,0,5,0
589,0,3,0,22.0,0,0,8.05,0.0,14973,0,5,0
590,0,3,0,,0,0,8.05,0.0,3235,1,4,0
591,0,3,0,35.0,0,0,7.125,0.0,3101273,1,7,0
592,1,1,1,52.0,1,0,78.2667,1.0,36947,0,5,0
593,0,3,0,47.0,0,0,7.25,0.0,3902,1,4,0
594,0,3,1,,0,2,7.75,2.0,364848,0,6,0
595,0,2,0,37.0,1,0,26.0,0.0,29037,1,5,0
596,0,3,0,36.0,1,1,24.15,0.0,345773,0,6,0
597,1,2,1,,0,0,33.0,0.0,248727,0,6,0
598,0,3,0,49.0,0,0,0.0,0.0,0,0,4,1
599,0,3,0,,0,0,7.225,1.0,2664,0,4,0
600,1,1,0,49.0,1,0,56.9292,1.0,17485,1,5,0
601,1,2,1,24.0,2,1,27.0,0.0,243847,0,6,0
602,0,3,0,,0,0,7.8958,0.0,349214,0,6,0
603,0,1,0,,0,0,42.4,0.0,113796,0,6,0
604,0,3,0,44.0,0,0,8.05,0.0,364511,0,6,0
605,1,1,0,35.0,0,0,26.55,1.0,111426,0,6,0
606,0,3,0,36.0,1,0,15.55,0.0,349910,0,6,0
607,0,3,0,30.0,0,0,7.8958,0.0,349246,0,6,0
608,1,1,0,27.0,0,0,30.5,0.0,113804,0,6,0
609,1,2,1,22.0,1,2,41.5792,1.0,2123,1,4,0
610,1,1,1,40.0,0,0,153.4625,0.0,17582,1,5,0
611,0,3,1,39.0,1,5,31.275,0.0,347082,0,6,0
612,0,3,0,,0,0,7.05,0.0,3101305,1,7,0
613,1,3,1,,1,0,15.5,2.0,367230,0,6,0
614,0,3,0,,0,0,7.75,2.0,370377,0,6,0
615,0,3,0,35.0,0,0,8.05,0.0,364512,0,6,0
616,1,2,1,24.0,1,2,65.0,0.0,220845,0,6,0
617,0,3,0,34.0,1,1,14.4,0.0,347080,0,6,0
618,0,3,1,26.0,1,0,16.1,0.0,3336,1,4,0
619,1,2,1,4.0,2,1,39.0,0.0,230136,0,6,0
620,0,2,0,26.0,0,0,10.5,0.0,31028,0,5,0
621,0,3,0,27.0,1,0,14.4542,1.0,2659,0,4,0
622,1,1,0,42.0,1,0,52.5542,0.0,11753,0,5,0
623,1,3,0,20.0,1,1,15.7417,1.0,2653,0,4,0
624,0,3,0,21.0,0,0,7.8542,0.0,350029,0,6,0
625,0,3,0,21.0,0,0,16.1,0.0,54636,0,5,0
626,0,1,0,61.0,0,0,32.3208,0.0,36963,0,5,0
627,0,2,0,57.0,0,0,12.35,2.0,219533,0,6,0
628,1,1,1,21.0,0,0,77.9583,0.0,13502,0,5,0
629,0,3,0,26.0,0,0,7.8958,0.0,349224,0,6,0
630,0,3,0,,0,0,7.7333,2.0,334912,0,6,0
631,1,1,0,80.0,0,0,30.0,0.0,27042,0,5,0
632,0,3,0,51.0,0,0,7.0542,0.0,347743,0,6,0
633,1,1,0,32.0,0,0,30.5,1.0,13214,0,5,0
634,0,1,0,,0,0,0.0,0.0,112052,0,6,0
635,0,3,1,9.0,3,2,27.9,0.0,347088,0,6,0
636,1,2,1,28.0,0,0,13.0,0.0,237668,0,6,0
637,0,3,0,32.0,0,0,7.925,0.0,3101292,1,7,0
638,0,2,0,31.0,1,1,26.25,0.0,31921,1,5,0
639,0,3,1,41.0,0,5,39.6875,0.0,3101295,0,7,0
640,0,3,0,,1,0,16.1,0.0,376564,0,6,0
641,0,3,0,20.0,0,0,7.8542,0.0,350050,0,6,0
642,1,1,1,24.0,0,0,69.3,1.0,17477,1,5,0
643,0,3,1,2.0,3,2,27.9,0.0,347088,0,6,0
644,1,3,0,,0,0,56.4958,0.0,1601,0,4,0
645,1,3,1,0.75,2,1,19.2583,1.0,2666,0,4,0
646,1,1,0,48.0,1,0,76.7292,1.0,17572,1,5,0
647,0,3,0,19.0,0,0,7.8958,0.0,349231,0,6,0
648,1,1,0,56.0,0,0,35.5,1.0,13213,0,5,0
649,0,3,0,,0,0,7.55,0.0,751,1,3,0
650,1,3,1,23.0,0,0,7.55,0.0,2314,1,4,0
651,0,3,0,,0,0,7.8958,0.0,349221,0,6,0
652,1,2,1,18.0,0,1,23.0,0.0,231919,0,6,0
653,0,3,0,21.0,0,0,8.4333,0.0,8475,0,4,0
654,1,3,1,,0,0,7.8292,2.0,330919,0,6,0
655,0,3,1,18.0,0,0,6.75,2.0,365226,0,6,0
656,0,2,0,24.0,2,0,73.5,0.0,14879,1,5,0
657,0,3,0,,0,0,7.8958,0.0,349223,0,6,0
658,0,3,1,32.0,1,1,15.5,2.0,364849,0,6,0
659,0,2,0,23.0,0,0,13.0,0.0,29751,0,5,0
660,0,1,0,58.0,0,2,113.275,1.0,35273,0,5,0
661,1,1,0,50.0,2,0,133.65,0.0,17611,1,5,0
662,0,3,0,40.0,0,0,7.225,1.0,2623,0,4,0
663,0,1,0,47.0,0,0,25.5875,0.0,5727,0,4,0
664,0,3,0,36.0,0,0,7.4958,0.0,349210,0,6,0
665,1,3,0,20.0,1,0,7.925,0.0,3101285,1,7,0
666,0,2,0,32.0,2,0,73.5,0.0,14879,1,5,0
667,0,2,0,25.0,0,0,13.0,0.0,234686,0,6,0
668,0,3,0,,0,0,7.775,0.0,312993,0,6,0
669,0,3,0,43.0,0,0,8.05,0.0,3536,1,4,0
670,1,1,1,,1,0,52.0,0.0,19996,0,5,0
671,1,2,1,40.0,1,1,39.0,0.0,29750,0,5,0
672,0,1,0,31.0,1,0,52.0,0.0,12750,1,5,0
673,0,2,0,70.0,0,0,10.5,0.0,24580,1,5,0
674,1,2,0,31.0,0,0,13.0,0.0,244270,0,6,0
675,0,2,0,,0,0,0.0,0.0,239856,0,6,0
676,0,3,0,18.0,0,0,7.775,0.0,349912,0,6,0
677,0,3,0,24.5,0,0,8.05,0.0,342826,0,6,0
678,1,3,1,18.0,0,0,9.8417,0.0,4138,0,4,0
679,0,3,1,43.0,1,6,46.9,0.0,2144,1,4,0
680,1,1,0,36.0,0,1,512.3292,1.0,17755,1,5,0
681,0,3,1,,0,0,8.1375,2.0,330935,0,6,0
682,1,1,0,27.0,0,0,76.7292,1.0,17572,1,5,0
683,0,3,0,20.0,0,0,9.225,0.0,6563,0,4,0
684,0,3,0,14.0,5,2,46.9,0.0,2144,1,4,0
685,0,2,0,60.0,1,1,39.0,0.0,29750,0,5,0
686,0,2,0,25.0,1,2,41.5792,1.0,2123,1,4,0
687,0,3,0,14.0,4,1,39.6875,0.0,3101295,0,7,0
688,0,3,0,19.0,0,0,10.1708,0.0,349228,0,6,0
689,0,3,0,18.0,0,0,7.7958,0.0,350036,0,6,0
690,1,1,1,15.0,0,1,211.3375,0.0,24160,0,5,0
691,1,1,0,31.0,1,0,57.0,0.0,17474,0,5,0
692,1,3,1,4.0,0,1,13.4167,1.0,349256,0,6,0
693,1,3,0,,0,0,56.4958,0.0,1601,0,4,0
694,0,3,0,25.0,0,0,7.225,1.0,2672,0,4,0
695,0,1,0,60.0,0,0,26.55,0.0,113800,0,6,0
696,0,2,0,52.0,0,0,13.5,0.0,248731,0,6,0
697,0,3,0,44.0,0,0,8.05,0.0,363592,0,6,0
698,1,3,1,,0,0,7.7333,2.0,35852,0,5,0
699,0,1,0,49.0,1,1,110.8833,1.0,17421,0,5,0
700,0,3,0,42.0,0,0,7.65,0.0,348121,0,6,0
701,1,1,1,18.0,1,0,227.525,1.0,17757,1,5,0
702,1,1,0,35.0,0,0,26.2875,0.0,17475,1,5,0
703,0,3,1,18.0,0,1,14.4542,1.0,2691,0,4,0
704,0,3,0,25.0,0,0,7.7417,2.0,36864,0,5,0
705,0,3,0,26.0,1,0,7.8542,0.0,350025,0,6,0
706,0,2,0,39.0,0,0,26.0,0.0,250655,0,6,0
707,1,2,1,45.0,0,0,13.5,0.0,223596,0,6,0
708,1,1,0,42.0,0,0,26.2875,0.0,17476,1,5,0
709,1,1,1,22.0,0,0,151.55,0.0,113781,0,6,0
710,1,3,0,,1,1,15.2458,1.0,2661,0,4,0
711,1,1,1,24.0,0,0,49.5042,1.0,17482,1,5,0
712,0,1,0,,0,0,26.55,0.0,113028,0,6,0
713,1,1,0,48.0,1,0,52.0,0.0,19996,0,5,0
714,0,3,0,29.0,0,0,9.4833,0.0,7545,0,4,0
715,0,2,0,52.0,0,0,13.0,0.0,250647,0,6,0
716,0,3,0,19.0,0,0,7.65,0.0,348124,0,6,0
717,1,1,1,38.0,0,0,227.525,1.0,17757,1,5,0
718,1,2,1,27.0,0,0,10.5,0.0,34218,0,5,0
719,0,3,0,,0,0,15.5,2.0,36568,0,5,0
720,0,3,0,33.0,0,0,7.775,0.0,347062,0,6,0
721,1,2,1,6.0,0,1,33.0,0.0,248727,0,6,0
722,0,3,0,17.0,1,0,7.0542,0.0,350048,0,6,0
723,0,2,0,34.0,0,0,13.0,0.0,12233,0,5,0
724,0,2,0,50.0,0,0,13.0,0.0,250643,0,6,0
725,1,1,0,27.0,1,0,53.1,0.0,113806,0,6,0
726,0,3,0,20.0,0,0,8.6625,0.0,315094,0,6,0
727,1,2,1,30.0,3,0,21.0,0.0,31027,0,5,0
728,1,3,1,,0,0,7.7375,2.0,36866,0,5,0
729,0,2,0,25.0,1,0,26.0,0.0,236853,0,6,0
730,0,3,1,25.0,1,0,7.925,0.0,3101271,1,7,0
731,1,1,1,29.0,0,0,211.3375,0.0,24160,0,5,0
732,0,3,0,11.0,0,0,18.7875,1.0,2699,0,4,0
733,0,2,0,,0,0,0.0,0.0,239855,0,6,0
734,0,2,0,23.0,0,0,13.0,0.0,28425,0,5,0
735,0,2,0,23.0,0,0,13.0,0.0,233639,0,6,0
736,0,3,0,28.5,0,0,16.1,0.0,54636,0,5,0
737,0,3,1,48.0,1,3,34.375,0.0,6608,1,4,0
738,1,1,0,35.0,0,0,512.3292,1.0,17755,1,5,0
739,0,3,0,,0,0,7.8958,0.0,349201,0,6,0
740,0,3,0,,0,0,7.8958,0.0,349218,0,6,0
741,1,1,0,,0,0,30.0,0.0,16988,0,5,0
742,0,1,0,36.0,1,0,78.85,0.0,19877,0,5,0
743,1,1,1,21.0,2,2,262.375,1.0,17608,1,5,0
744,0,3,0,24.0,1,0,16.1,0.0,376566,0,6,0
745,1,3,0,31.0,0,0,7.925,0.0,3101288,1,7,0
746,0,1,0,70.0,1,1,71.0,0.0,5735,1,4,0
747,0,3,0,16.0,1,1,20.25,0.0,2673,1,4,0
748,1,2,1,30.0,0,0,13.0,0.0,250648,0,6,0
749,0,1,0,19.0,1,0,53.1,0.0,113773,0,6,0
750,0,3,0,31.0,0,0,7.75,2.0,335097,0,6,0
751,1,2,1,4.0,1,1,23.0,0.0,29103,0,5,0
752,1,3,0,6.0,0,1,12.475,0.0,392096,0,6,0
753,0,3,0,33.0,0,0,9.5,0.0,345780,0,6,0
754,0,3,0,23.0,0,0,7.8958,0.0,349204,0,6,0
755,1,2,1,48.0,1,2,65.0,0.0,220845,0,6,0
756,1,2,0,0.67,1,1,14.5,0.0,250649,0,6,0
757,0,3,0,28.0,0,0,7.7958,0.0,350042,0,6,0
758,0,2,0,18.0,0,0,11.5,0.0,29108,0,5,0
759,0,3,0,34.0,0,0,8.05,0.0,363294,0,6,0
760,1,1,1,33.0,0,0,86.5,0.0,110152,0,6,0
761,0,3,0,,0,0,14.5,0.0,358585,0,6,0
762,0,3,0,41.0,0,0,7.125,0.0,3101272,1,7,0
763,1,3,0,20.0,0,0,7.2292,1.0,2663,0,4,0
764,1,1,1,36.0,1,2,120.0,0.0,113760,0,6,0
765,0,3,0,16.0,0,0,7.775,0.0,347074,0,6,0
766,1,1,1,51.0,1,0,77.9583,0.0,13502,0,5,0
767,0,1,0,,0,0,39.6,1.0,112379,0,6,0
768,0,3,1,30.5,0,0,7.75,2.0,364850,0,6,0
769,0,3,0,,1,0,24.15,2.0,371110,0,6,0
770,0,3,0,32.0,0,0,8.3625,0.0,8471,0,4,0
771,0,3,0,24.0,0,0,9.5,0.0,345781,0,6,0
772,0,3,0,48.0,0,0,7.8542,0.0,350047,0,6,0
773,0,2,1,57.0,0,0,10.5,0.0,3,1,1,0
774,0,3,0,,0,0,7.225,1.0,2674,0,4,0
775,1,2,1,54.0,1,3,23.0,0.0,29105,0,5,0
776,0,3,0,18.0,0,0,7.75,0.0,347078,0,6,0
777,0,3,0,,0,0,7.75,2.0,383121,0,6,0
778,1,3,1,5.0,0,0,12.475,0.0,364516,0,6,0
779,0,3,0,,0,0,7.7375,2.0,36865,0,5,0
780,1,1,1,43.0,0,1,211.3375,0.0,24160,0,5,0
781,1,3,1,13.0,0,0,7.2292,1.0,2687,0,4,0
782,1,1,1,17.0,1,0,57.0,0.0,17474,0,5,0
783,0,1,0,29.0,0,0,30.0,0.0,113501,0,6,0
784,0,3,0,,1,2,23.45,0.0,6607,1,4,0
785,0,3,0,25.0,0,0,7.05,0.0,3101312,1,7,0
786,0,3,0,25.0,0,0,7.25,0.0,374887,0,6,0
787,1,3,1,18.0,0,0,7.4958,0.0,3101265,0,7,0
788,0,3,0,8.0,4,1,29.125,2.0,382652,0,6,0
789,1,3,0,1.0,1,2,20.575,0.0,2315,1,4,0
790,0,1,0,46.0,0,0,79.2,1.0,17593,1,5,0
791,0,3,0,,0,0,7.75,2.0,12460,0,5,0
792,0,2,0,16.0,0,0,26.0,0.0,239865,0,6,0
793,0,3,1,,8,2,69.55,0.0,2343,1,4,0
794,0,1,0,,0,0,30.6958,1.0,17600,1,5,0
795,0,3,0,25.0,0,0,7.8958,0.0,349203,0,6,0
796,0,2,0,39.0,0,0,13.0,0.0,28213,0,5,0
797,1,1,1,49.0,0,0,25.9292,0.0,17465,0,5,0
798,1,3,1,31.0,0,0,8.6833,0.0,349244,0,6,0
799,0,3,0,30.0,0,0,7.2292,1.0,2685,0,4,0
800,0,3,1,30.0,1,1,24.15,0.0,345773,0,6,0
801,0,2,0,34.0,0,0,13.0,0.0,250647,0,6,0
802,1,2,1,31.0,1,1,26.25,0.0,31921,1,5,0
803,1,1,0,11.0,1,2,120.0,0.0,113760,0,6,0
804,1,3,0,0.42,0,1,8.5167,1.0,2625,0,4,0
805,1,3,0,27.0,0,0,6.975,0.0,347089,0,6,0
806,0,3,0,31.0,0,0,7.775,0.0,347063,0,6,0
807,0,1,0,39.0,0,0,0.0,0.0,112050,0,6,0
808,0,3,1,18.0,0,0,7.775,0.0,347087,0,6,0
809,0,2,0,39.0,0,0,13.0,0.0,248723,0,6,0
810,1,1,1,33.0,1,0,53.1,0.0,113806,0,6,0
811,0,3,0,26.0,0,0,7.8875,0.0,3474,0,4,0
812,0,3,0,39.0,0,0,24.15,0.0,48871,1,5,0
813,0,2,0,35.0,0,0,10.5,0.0,28206,0,5,0
814,0,3,1,6.0,4,2,31.275,0.0,347082,0,6,0
815,0,3,0,30.5,0,0,8.05,0.0,364499,0,6,0
816,0,1,0,,0,0,0.0,0.0,112058,0,6,0
817,0,3,1,23.0,0,0,7.925,0.0,3101290,1,7,0
818,0,2,0,31.0,1,1,37.0042,1.0,2079,1,4,0
819,0,3,0,43.0,0,0,6.45,0.0,7075,1,4,0
820,0,3,0,10.0,3,2,27.9,0.0,347088,0,6,0
821,1,1,1,52.0,1,1,93.5,0.0,12749,0,5,0
822,1,3,0,27.0,0,0,8.6625,0.0,315098,0,6,0
823,0,1,0,38.0,0,0,0.0,0.0,19972,0,5,0
824,1,3,1,27.0,0,1,12.475,0.0,392096,0,6,0
825,0,3,0,2.0,4,1,39.6875,0.0,3101295,0,7,0
826,0,3,0,,0,0,6.95,2.0,368323,0,6,0
827,0,3,0,,0,0,56.4958,0.0,1601,0,4,0
828,1,2,0,1.0,0,2,37.0042,1.0,2079,1,4,0
829,1,3,0,,0,0,7.75,2.0,367228,0,6,0
830,1,1,1,62.0,0,0,80.0,,113572,0,6,0
831,1,3,1,15.0,1,0,14.4542,1.0,2659,0,4,0
832,1,2,0,0.83,1,1,18.75,0.0,29106,0,5,0
833,0,3,0,,0,0,7.2292,1.0,2671,0,4,0
834,0,3,0,23.0,0,0,7.8542,0.0,347468,0,6,0
835,0,3,0,18.0,0,0,8.3,0.0,2223,0,4,0
836,1,1,1,39.0,1,1,83.1583,1.0,17756,1,5,0
837,0,3,0,21.0,0,0,8.6625,0.0,315097,0,6,0
838,0,3,0,,0,0,8.05,0.0,392092,0,6,0
839,1,3,0,32.0,0,0,56.4958,0.0,1601,0,4,0
840,1,1,0,,0,0,29.7,1.0,11774,0,5,0
841,0,3,0,20.0,0,0,7.925,0.0,3101287,1,7,0
842,0,2,0,16.0,0,0,10.5,0.0,3,1,1,0
843,1,1,1,30.0,0,0,31.0,1.0,113798,0,6,0
844,0,3,0,34.5,0,0,6.4375,1.0,2683,0,4,0
845,0,3,0,17.0,0,0,8.6625,0.0,315090,0,6,0
846,0,3,0,42.0,0,0,7.55,0.0,5547,1,4,0
847,0,3,0,,8,2,69.55,0.0,2343,1,4,0
848,0,3,0,35.0,0,0,7.8958,1.0,349213,0,6,0
849,0,2,0,28.0,0,1,33.0,0.0,248727,0,6,0
850,1,1,1,,1,0,89.1042,1.0,17453,0,5,0
851,0,3,0,4.0,4,2,31.275,0.0,347082,0,6,0
852,0,3,0,74.0,0,0,7.775,0.0,347060,0,6,0
853,0,3,1,9.0,1,1,15.2458,1.0,2678,0,4,0
854,1,1,1,16.0,0,1,39.4,0.0,17592,1,5,0
855,0,2,1,44.0,1,0,26.0,0.0,244252,0,6,0
856,1,3,1,18.0,0,1,9.35,0.0,392091,0,6,0
857,1,1,1,45.0,1,1,164.8667,0.0,36928,0,5,0
858,1,1,0,51.0,0,0,26.55,0.0,113055,0,6,0
859,1,3,1,24.0,0,3,19.2583,1.0,2666,0,4,0
860,0,3,0,,0,0,7.2292,1.0,2629,0,4,0
861,0,3,0,41.0,2,0,14.1083,0.0,350026,0,6,0
862,0,2,0,21.0,1,0,11.5,0.0,28134,0,5,0
863,1,1,1,48.0,0,0,25.9292,0.0,17466,0,5,0
864,0,3,1,,8,2,69.55,0.0,2343,1,4,0
865,0,2,0,24.0,0,0,13.0,0.0,233866,0,6,0
866,1,2,1,42.0,0,0,13.0,0.0,236852,0,6,0
867,1,2,1,27.0,1,0,13.8583,1.0,2149,1,4,0
868,0,1,0,31.0,0,0,50.4958,0.0,17590,1,5,0
869,0,3,0,,0,0,9.5,0.0,345777,0,6,0
870,1,3,0,4.0,1,1,11.1333,0.0,347742,0,6,0
871,0,3,0,26.0,0,0,7.8958,0.0,349248,0,6,0
872,1,1,1,47.0,1,1,52.5542,0.0,11751,0,5,0
873,0,1,0,33.0,0,0,5.0,0.0,695,0,3,0
874,0,3,0,47.0,0,0,9.0,0.0,345765,0,6,0
875,1,2,1,28.0,1,0,24.0,1.0,3381,1,4,0
876,1,3,1,15.0,0,0,7.225,1.0,2667,0,4,0
877,0,3,0,20.0,0,0,9.8458,0.0,7534,0,4,0
878,0,3,0,19.0,0,0,7.8958,0.0,349212,0,6,0
879,0,3,0,,0,0,7.8958,0.0,349217,0,6,0
880,1,1,1,56.0,0,1,83.1583,1.0,11767,0,5,0
881,1,2,1,25.0,0,1,26.0,0.0,230433,0,6,0
882,0,3,0,33.0,0,0,7.8958,0.0,349257,0,6,0
883,0,3,1,22.0,0,0,10.5167,0.0,7552,0,4,0
884,0,2,0,28.0,0,0,10.5,0.0,34068,1,5,0
885,0,3,0,25.0,0,0,7.05,0.0,392076,1,6,0
886,0,3,1,39.0,0,5,29.125,2.0,382652,0,6,0
887,0,2,0,27.0,0,0,13.0,0.0,211536,0,6,0
888,1,1,1,19.0,0,0,30.0,0.0,112053,0,6,0
889,0,3,1,,1,2,23.45,0.0,6607,1,4,0
890,1,1,0,26.0,0,0,30.0,1.0,111369,0,6,0
891,0,3,0,32.0,0,0,7.75,2.0,370376,0,6,0
